{"cameraMode":{"drawMode":0,"name":"Shaded","section":"Shading Mode"},"sceneLighting":true,"audioPlay":false,"sceneViewState":{"showFog":false,"showMaterialUpdate":false,"showSkybox":false,"showFlares":false,"showImageEffects":false,"showParticleSystems":false},"in2DMode":false,"pivot":{"x":9.886066436767579,"y":-0.5655694007873535,"z":-15.153570175170899},"rotation":{"x":-0.09955544769763947,"y":-0.759396493434906,"z":0.11968104541301727,"w":-0.6317440271377564},"size":18.317041397094728,"orthographic":false}