{"cameraMode":{"drawMode":0,"name":"Shaded","section":"Shading Mode"},"sceneLighting":true,"audioPlay":false,"sceneViewState":{"showFog":false,"showMaterialUpdate":false,"showSkybox":false,"showFlares":false,"showImageEffects":false,"showParticleSystems":false},"in2DMode":false,"pivot":{"x":74.05916595458985,"y":-39.674800872802737,"z":-20.313339233398439},"rotation":{"x":0.15068235993385316,"y":0.7673634886741638,"z":-0.1953829526901245,"w":0.5918596386909485},"size":56.8364143371582,"orthographic":false}